{
    "name": "Dactyl Lynx",
    "vendorId": "0xFEED",
    "productId": "0xCAD1",
    "lighting": "none",
    "matrix": {
        "rows": 14,
        "cols": 6
    },
    "layouts": {
		"keymap": [
			[
				{
					"x": 3.5,
					"p": "DSA",
					"sm": "cherry",
					"sb": "kailh"
				},
				"0,3",
				{
					"x": 10.5
				},
				"7,2"
			],
			[
				{
					"y": -0.875,
					"x": 2.5
				},
				"0,2",
				{
					"x": 1
				},
				"0,4",
				{
					"x": 8.5
				},
				"7,1",
				{
					"x": 1
				},
				"7,3"
			],
			[
				{
					"y": -0.875,
					"x": 5.5
				},
				"0,5",
				{
					"x": 6.5
				},
				"7,0"
			],
			[
				{
					"y": -0.875,
					"x": 1.5
				},
				"0,1",
				{
					"x": 14.5
				},
				"7,4",
				"7,5"
			],
			[
				{
					"y": -0.995,
					"x": 0.5
				},
				"0,0"
			],
			[
				{
					"y": -0.3799999999999999,
					"x": 3.5
				},
				"1,3",
				{
					"x": 10.5
				},
				"8,2"
			],
			[
				{
					"y": -0.875,
					"x": 2.5
				},
				"1,2",
				{
					"x": 1
				},
				"1,4",
				{
					"x": 8.5
				},
				"8,1",
				{
					"x": 1
				},
				"8,3"
			],
			[
				{
					"y": -0.875,
					"x": 5.5
				},
				"1,5",
				{
					"x": 6.5
				},
				"8,0"
			],
			[
				{
					"y": -0.875,
					"x": 0.5
				},
				"1,0",
				"1,1",
				{
					"x": 14.5
				},
				"8,4",
				"8,5"
			],
			[
				{
					"y": -0.375,
					"x": 3.5
				},
				"2,3",
				{
					"x": 10.5
				},
				"9,2"
			],
			[
				{
					"y": -0.875,
					"x": 2.5
				},
				"2,2",
				{
					"x": 1,
					"n": true
				},
				"2,4",
				{
					"x": 8.5,
					"n": true
				},
				"9,1",
				{
					"x": 1
				},
				"9,3"
			],
			[
				{
					"y": -0.875,
					"x": 5.5
				},
				"2,5",
				{
					"x": 6.5
				},
				"9,0"
			],
			[
				{
					"y": -0.875,
					"x": 1.5
				},
				"2,1",
				{
					"x": 14.5
				},
				"9,4",
				"9,5"
			],
			[
				{
					"y": -0.9950000000000001,
					"x": 0.5
				},
				"2,0"
			],
			[
				{
					"y": -0.3799999999999999,
					"x": 3.5
				},
				"3,3",
				{
					"x": 10.5
				},
				"10,2"
			],
			[
				{
					"y": -0.875,
					"x": 2.5
				},
				"3,2",
				{
					"x": 1
				},
				"3,4",
				{
					"x": 8.5
				},
				"10,1",
				{
					"x": 1
				},
				"10,3"
			],
			[
				{
					"y": -0.875,
					"x": 5.5
				},
				"3,5",
				{
					"x": 6.5
				},
				"10,0"
			],
			[
				{
					"y": -0.875,
					"x": 0.5
				},
				"3,0",
				"3,1",
				{
					"x": 14.5
				},
				"10,4",
				"10,5"
			],
			[
				{
					"y": -0.375,
					"x": 3.5
				},
				"4,4",
				{
					"x": 10.5
				},
				"11,2"
			],
			[
				{
					"y": -0.875,
					"x": 2.5
				},
				"4,3",
				{
					"x": 1
				},
				"4,5",
				{
					"x": 8.5
				},
				"11,1",
				{
					"x": 1
				},
				"11,3"
			],
			[
				{
					"y": -0.75,
					"x": 1.5
				},
				"4,2",
				{
					"x": 14.5
				},
				"11,4",
				"11,5"
			],
			[
				{
					"y": -0.9950000000000001,
					"x": 0.5
				},
				"4,1"
			],
			[
				{
					"r": 60,
					"rx": 6.5,
					"ry": 4.25,
					"y": -1,
					"x": 0.25
				},
				"5,2",
				"5,5",
				"6,1"
			],
			[
				{
					"x": 0.25
				},
				"5,1",
				"5,4",
				{
					"h": 2
				},
				"6,0"
			],
			[
				{
					"x": 0.25
				},
				"5,0",
				"5,3"
			],
			[
				{
					"r": -60,
					"rx": 13,
					"y": -1,
					"x": -3.25
				},
				"13,0",
				"12,3",
				"12,0"
			],
			[
				{
					"x": -3.25,
					"h": 2
				},
				"13,1",
				"12,4",
				"12,1"
			],
			[
				{
					"x": -2.25
				},
				"12,5",
				"12,2"
			]
		]
	}
}
